CPIH,BankRate
2.6,5.94
2.4,5.94
2.2,5.94
2.1,5.94
2.1,5.94
2.1,6.25
2.4,6.5
2.3,6.75
2.2,7
2.2,7
2.1,7
1.9,7.25
1.8,7.25
1.8,7.25
1.9,7.25
2.1,7.25
2.2,7.25
1.9,7.25
1.7,7.5
1.6,7.5
1.7,7.5
1.6,7.5
1.7,7.25
1.9,6.75
2,6.25
1.9,6
2.1,5.5
2,5.5
1.7,5.25
1.8,5.25
1.7,5
1.6,5
1.6,5
1.5,5.25
1.5,5.25
1.5,5.5
1.2,5.5
1.2,5.75
1,6
0.9,6
1,6
1.2,6
1.2,6
1,6
1.3,6
1.4,6
1.5,6
1.2,6
1.2,6
1.2,6
1.3,5.75
1.5,5.75
1.9,5.5
1.9,5.25
1.7,5.25
2.1,5.25
1.7,5
1.6,4.75
1.2,4.5
1.4,4
1.8,4
1.7,4
1.7,4
1.6,4
1.2,4
1.1,4
1.4,4
1.3,4
1.2,4
1.5,4
1.6,4
1.7,4
1.4,4
1.6,4
1.6,3.75
1.5,3.75
1.3,3.75
1.2,3.75
1.3,3.75
1.4,3.5
1.3,3.5
1.3,3.5
1.3,3.5
1.3,3.75
1.5,3.75
1.4,3.75
1.2,4
1.1,4
1.4,4
1.5,4.25
1.4,4.5
1.4,4.5
1.2,4.75
1.3,4.75
1.5,4.75
1.8,4.75
1.7,4.75
1.7,4.75
2,4.75
1.9,4.75
1.9,4.75
2,4.75
2.3,4.75
2.4,4.75
2.5,4.5
2.4,4.5
2.2,4.5
2.1,4.5
2.2,4.5
2.2,4.5
2,4.5
2.2,4.5
2.4,4.5
2.6,4.5
2.5,4.5
2.6,4.5
2.5,4.75
2.5,4.75
2.8,4.75
2.9,5
2.7,5
2.7,5.25
2.9,5.25
2.7,5.25
2.5,5.25
2.5,5.5
2,5.5
2,5.75
2,5.75
2.3,5.75
2.2,5.75
2.3,5.75
2.4,5.5
2.6,5.5
2.6,5.25
3,5.25
3.3,5
3.7,5
4.2,5
4.4,5
4.8,5
4.2,5
3.8,4.5
3,3
2.9,2
3.1,1.5
2.8,1
2.3,0.5
2.1,0.5
1.7,0.5
1.6,0.5
1.4,0.5
1,0.5
1.2,0.5
1.5,0.5
2.1,0.5
2.6,0.5
2.1,0.5
2.4,0.5
2.7,0.5
2.5,0.5
2.4,0.5
2.3,0.5
2.4,0.5
2.4,0.5
2.5,0.5
2.6,0.5
3.1,0.5
3.4,0.5
3.7,0.5
3.5,0.5
3.8,0.5
3.8,0.5
3.6,0.5
3.8,0.5
3.9,0.5
4.5,0.5
4.3,0.5
4.1,0.5
3.7,0.5
3.2,0.5
3.1,0.5
3.1,0.5
2.8,0.5
2.5,0.5
2.3,0.5
2.4,0.5
2.3,0.5
2.1,0.5
2.4,0.5
2.4,0.5
2.4,0.5
2.4,0.5
2.5,0.5
2.5,0.5
2.2,0.5
2.4,0.5
2.6,0.5
2.5,0.5
2.4,0.5
2.4,0.5
2,0.5
1.9,0.5
1.9,0.5
1.8,0.5
1.6,0.5
1.5,0.5
1.7,0.5
1.5,0.5
1.8,0.5
1.6,0.5
1.5,0.5
1.3,0.5
1.3,0.5
1.1,0.5
0.7,0.5
0.5,0.5
0.4,0.5
0.3,0.5
0.3,0.5
0.4,0.5
0.3,0.5
0.5,0.5
0.4,0.5
0.2,0.5
0.2,0.5
0.4,0.5
0.5,0.5
0.6,0.5
0.6,0.5
0.8,0.5
0.7,0.5
0.7,0.5
0.8,0.5
0.9,0.5
1,0.5
1.3,0.25
1.3,0.25
1.5,0.25
1.8,0.25
1.9,0.25
2.3,0.25
2.3,0.25
2.6,0.25
2.7,0.25
2.6,0.25
2.6,0.25
2.7,0.25
2.8,0.25
2.8,0.25
2.8,0.25
2.7,0.5
2.7,0.5
2.5,0.5
2.3,0.5
2.2,0.5
2.3,0.5
2.3,0.5
2.3,0.5
2.4,0.5
2.2,0.75
2.2,0.75
2.2,0.75
2,0.75
1.8,0.75
1.8,0.75
1.8,0.75
2,0.75
1.9,0.75
1.9,0.75
2,0.75
1.7,0.75
1.7,0.75
1.5,0.75
1.5,0.75
1.4,0.75
1.8,0.75
1.7,0.75
1.5,0.75
0.9,0.1
0.7,0.1
0.8,0.1
1.1,0.1
0.5,0.1
0.7,0.1
0.9,0.1
0.6,0.1
0.8,0.1
0.9,0.1
0.7,0.1
1,0.1
1.6,0.1
2.1,0.1
2.4,0.1
2.1,0.1
3,0.1
2.9,0.1
3.8,0.1
4.6,0.1
4.8,0.1
4.9,0.25
5.5,0.25
6.2,0.5
7.8,0.75
7.9,0.75
8.2,1
8.8,1.25
8.6,1.25
