CPIH,Unemployment
2.6,7.5
2.4,7.3
2.2,7.2
2.1,7.2
2.1,7.2
2.1,7.3
2.4,7.1
2.3,6.8
2.2,6.7
2.2,6.6
2.1,6.5
1.9,6.4
1.8,6.4
1.8,6.4
1.9,6.3
2.1,6.3
2.2,6.3
1.9,6.3
1.7,6.3
1.6,6.2
1.7,6.2
1.6,6.2
1.7,6.1
1.9,6.2
2,6.2
1.9,6.2
2.1,6.2
2,6.1
1.7,6
1.8,6
1.7,5.9
1.6,5.9
1.6,5.8
1.5,5.8
1.5,5.8
1.5,5.9
1.2,5.8
1.2,5.8
1,5.7
0.9,5.6
1,5.5
1.2,5.3
1.2,5.3
1,5.3
1.3,5.4
1.4,5.3
1.5,5.2
1.2,5.2
1.2,5.2
1.2,5.1
1.3,5
1.5,4.9
1.9,5
1.9,5
1.7,5.1
2.1,5.1
1.7,5.1
1.6,5.1
1.2,5.2
1.4,5.2
1.8,5.1
1.7,5.2
1.7,5.2
1.6,5.2
1.2,5.2
1.1,5.2
1.4,5.2
1.3,5.3
1.2,5.2
1.5,5.2
1.6,5.1
1.7,5
1.4,5.1
1.6,5.2
1.6,5.1
1.5,5
1.3,4.9
1.2,5.1
1.3,5.1
1.4,5
1.3,5
1.3,4.9
1.3,4.9
1.3,4.8
1.5,4.8
1.4,4.8
1.2,4.8
1.1,4.8
1.4,4.8
1.5,4.8
1.4,4.7
1.4,4.7
1.2,4.7
1.3,4.7
1.5,4.7
1.8,4.7
1.7,4.8
1.7,4.7
2,4.7
1.9,4.8
1.9,4.8
2,4.7
2.3,4.7
2.4,4.7
2.5,4.9
2.4,5.1
2.2,5.1
2.1,5.1
2.2,5.2
2.2,5.2
2,5.3
2.2,5.4
2.4,5.5
2.6,5.5
2.5,5.5
2.6,5.5
2.5,5.5
2.5,5.4
2.8,5.5
2.9,5.5
2.7,5.5
2.7,5.5
2.9,5.5
2.7,5.4
2.5,5.4
2.5,5.3
2,5.3
2,5.3
2,5.2
2.3,5.2
2.2,5.2
2.3,5.2
2.4,5.2
2.6,5.2
2.6,5.3
3,5.2
3.3,5.4
3.7,5.5
4.2,5.7
4.4,5.9
4.8,6
4.2,6.2
3.8,6.4
3,6.5
2.9,6.7
3.1,7.1
2.8,7.3
2.3,7.6
2.1,7.8
1.7,7.9
1.6,7.9
1.4,7.8
1,7.9
1.2,7.8
1.5,7.8
2.1,7.7
2.6,7.9
2.1,8
2.4,8
2.7,7.9
2.5,7.9
2.4,7.8
2.3,7.8
2.4,7.8
2.4,7.9
2.5,7.9
2.6,7.9
3.1,7.9
3.4,7.8
3.7,7.8
3.5,7.7
3.8,7.8
3.8,7.9
3.6,8
3.8,8.2
3.9,8.3
4.5,8.4
4.3,8.5
4.1,8.4
3.7,8.4
3.2,8.3
3.1,8.2
3.1,8.2
2.8,8.1
2.5,8
2.3,8
2.4,7.9
2.3,7.9
2.1,7.9
2.4,7.8
2.4,7.8
2.4,7.8
2.4,8
2.5,7.8
2.5,7.8
2.2,7.8
2.4,7.7
2.6,7.7
2.5,7.7
2.4,7.6
2.4,7.4
2,7.2
1.9,7.2
1.9,7.2
1.8,6.9
1.6,6.8
1.5,6.6
1.7,6.4
1.5,6.3
1.8,6.1
1.6,6
1.5,6
1.3,6
1.3,5.9
1.1,5.7
0.7,5.7
0.5,5.6
0.4,5.5
0.3,5.5
0.3,5.6
0.4,5.6
0.3,5.5
0.5,5.4
0.4,5.3
0.2,5.2
0.2,5.1
0.4,5.1
0.5,5.1
0.6,5.1
0.6,5.1
0.8,5
0.7,4.9
0.7,4.9
0.8,4.9
0.9,5
1,4.8
1.3,4.8
1.3,4.8
1.5,4.7
1.8,4.7
1.9,4.6
2.3,4.6
2.3,4.5
2.6,4.4
2.7,4.4
2.6,4.3
2.6,4.3
2.7,4.3
2.8,4.2
2.8,4.3
2.8,4.4
2.7,4.3
2.7,4.2
2.5,4.2
2.3,4.2
2.2,4.2
2.3,4
2.3,4
2.3,4
2.4,4.1
2.2,4.1
2.2,4
2.2,4
2,3.9
1.8,3.9
1.8,3.8
1.8,3.8
2,3.8
1.9,3.9
1.9,3.8
2,3.9
1.7,3.8
1.7,3.8
1.5,3.8
1.5,3.8
1.4,3.9
1.8,4
1.7,4
1.5,4.1
0.9,4.1
0.7,4.1
0.8,4.3
1.1,4.6
0.5,4.9
0.7,5.1
0.9,5.1
0.6,5.2
0.8,5.1
0.9,5.1
0.7,4.9
1,4.9
1.6,4.9
2.1,4.7
2.4,4.6
2.1,4.4
3,4.3
2.9,4.2
3.8,4.1
4.6,4
4.8,4
4.9,3.8
5.5,3.7
6.2,3.8
7.8,3.8
7.9,3.8
8.2,3.6
8.8,3.5
8.6,3.6
